RSID+CHROMOSOME+RESULT,DISEASE
rs76151636 13 CA,Doenças Genéticas - Doença de Wilson - Variante de risco detectada em heterozigose https://grch37.ensembl.org/Homo_sapiens/Variation/Explore?v=rs76151636
rs76151636 13 AA,Doenças Genéticas - Doença de Wilson - Variante de risco detectada em homozigose https://grch37.ensembl.org/Homo_sapiens/Variation/Explore?v=rs76151636
rs28929474 14 GA,Doenças Genéticas - Deficiência de Alfa-1 Antitripsina (variante PI*Z) - Variante de risco detectada em heterozigose https://grch37.ensembl.org/Homo_sapiens/Variation/Explore?v=rs28929474
rs28929474 14 AA,Doenças Genéticas - Deficiência de Alfa-1 Antitripsina (variante PI*Z) - Variante de risco detectada em homozigose https://grch37.ensembl.org/Homo_sapiens/Variation/Explore?v=rs28929474
rs17580 14 TA,Doenças Genéticas - Deficiência de Alfa-1 Antitripsina (variante PI*S) - Variante de risco detectada em heterozigose https://grch37.ensembl.org/Homo_sapiens/Variation/Explore?v=rs17580
rs17580 14 AA,Doenças Genéticas - Deficiência de Alfa-1 Antitripsina (variante PI*S) - Variante de risco detectada em homozigose https://grch37.ensembl.org/Homo_sapiens/Variation/Explore?v=rs17580
rs1801020 5 AG,Doenças Genéticas - Deficiência de fator XII - Variante de risco detectada em heterozigose  https://grch37.ensembl.org/Homo_sapiens/Variation/Explore?v=rs1801020
rs1801020 5 AA,Doenças Genéticas - Deficiência de fator XII - Variante de risco detectada em homozigose https://grch37.ensembl.org/Homo_sapiens/Variation/Explore?v=rs1801020
rs1799963 11 GA,Doenças Genéticas - Trombofilia (Fator II - Protrombina) - Variante de risco detectada em heterozigose https://grch37.ensembl.org/Homo_sapiens/Variation/Explore?v=rs1799963
rs1799963 11 GA,Doenças Genéticas - Trombofilia (Fator II - Protrombina) - Variante de risco detectada em homozigose https://grch37.ensembl.org/Homo_sapiens/Variation/Explore?v=rs1799963
rs6025 1 TC,Doenças Genéticas - Trombofilia (Fator V de Leiden) - Variante de risco detectada em heterozigose https://grch37.ensembl.org/Homo_sapiens/Variation/Explore?v=rs6025
rs6025 1 TT,Doenças Genéticas - Trombofilia (Fator V de Leiden) - Variante de risco detectada em homozigose https://grch37.ensembl.org/Homo_sapiens/Variation/Explore?v=rs6025
rs1799945 6 CG,Doenças Genéticas - Hemocromatose tipo 1 (variante H63D) - Variante de risco detectada em heterozigose https://grch37.ensembl.org/Homo_sapiens/Variation/Explore?v=rs1799945
rs1799945 6 GG,Doenças Genéticas - Hemocromatose tipo 1 (variante H63D) - Variante de risco detectada em homozigose https://grch37.ensembl.org/Homo_sapiens/Variation/Explore?v=rs1799945
rs1800562 6 GA,Doenças Genéticas - Hemocromatose tipo 1 (variante C282Y) - Variante de risco detectada em heterozigose https://grch37.ensembl.org/Homo_sapiens/Variation/Explore?v=rs1800562
rs1800562 6 AA,Doenças Genéticas - Hemocromatose tipo 1 (variante C282Y) - Variante de risco detectada em homozigose https://grch37.ensembl.org/Homo_sapiens/Variation/Explore?v=rs1800562
rs1800730 6 AT,Doenças Genéticas - Hemocromatose tipo 1 (variante S65C) - Variante de risco detectada em heterozigose https://grch37.ensembl.org/Homo_sapiens/Variation/Explore?v=rs1800730
rs1800730 6 TT,Doenças Genéticas - Hemocromatose tipo 1 (variante S65C) - Variante de risco detectada em homozigose https://grch37.ensembl.org/Homo_sapiens/Variation/Explore?v=rs1800730
rs5918 17 TC,Doenças Genéticas - Infarto do miocárdio - Variante de risco detectada em heterozigose https://grch37.ensembl.org/Homo_sapiens/Variation/Explore?v=rs5918
rs5918 17 CC,Doenças Genéticas - Infarto do miocárdio - Variante de risco detectada em homozigose https://grch37.ensembl.org/Homo_sapiens/Variation/Explore?v=rs5918
rs77375493 9 GT,Doenças Genéticas - Doenças mieloproliferativas - Variante de risco detectada em heterozigose https://grch37.ensembl.org/Homo_sapiens/Variation/Explore?v=rs77375493
rs77375493 9 TT,Doenças Genéticas - Doenças mieloproliferativas - Variante de risco detectada em homozigose https://grch37.ensembl.org/Homo_sapiens/Variation/Explore?v=rs77375493
rs76992529 18 GA,Doenças Genéticas - Amiloidose hereditária (variante V122I) - Variante de risco detectada em heterozigose https://grch37.ensembl.org/Homo_sapiens/Variation/Explore?v=rs76992529
rs76992529 18 AA,Doenças Genéticas - Amiloidose hereditária (variante V122I) - Variante de risco detectada em homozigose https://grch37.ensembl.org/Homo_sapiens/Variation/Explore?v=rs76992529
rs28933979 18 GA,Doenças Genéticas - Amiloidose hereditária (variante V50M) - Variante de risco detectada em heterozigose https://grch37.ensembl.org/Homo_sapiens/Variation/Explore?v=rs28933979
rs28933979 18 AA,Doenças Genéticas - Amiloidose hereditária (variante V50M) - Variante de risco detectada em homozigose https://grch37.ensembl.org/Homo_sapiens/Variation/Explore?v=rs28933979
rs121918070 18 AG,Doenças Genéticas - Amiloidose hereditária (variante T80A) - Variante de risco detectada em heterozigose https://grch37.ensembl.org/Homo_sapiens/Variation/Explore?v=rs121918070
rs121918070 18 GG,Doenças Genéticas - Amiloidose hereditária (variante T80A) - Variante de risco detectada em homozigose https://grch37.ensembl.org/Homo_sapiens/Variation/Explore?v=rs121918070
rs36053993 1 CT,Doenças Genéticas - Polipose associada ao gene MUTYH (variante G396D) - Variante de risco detectada em heterozigose https://grch37.ensembl.org/Homo_sapiens/Variation/Explore?v=rs36053993
rs36053993 1 TT,Doenças Genéticas - Polipose associada ao gene MUTYH (variante G396D) - Variante de risco detectada em homozigose https://grch37.ensembl.org/Homo_sapiens/Variation/Explore?v=rs36053993
rs76763715 1 AG,Doenças Genéticas - Doença de Parkinson e Doença de Gaucher (gene GBA) - Variante de risco detectada em heterozigose https://grch37.ensembl.org/Homo_sapiens/Variation/Explore?v=rs76763715
rs76763715 1 GG,Doenças Genéticas - Doença de Parkinson e Doença de Gaucher (gene GBA) - Variante de risco detectada em homozigose https://grch37.ensembl.org/Homo_sapiens/Variation/Explore?v=rs76763715
rs34637584 12 AG,Doenças Genéticas - Doença de Parkinson (gene LRRK2) - Variante de risco detectada em heterozigose https://grch37.ensembl.org/Homo_sapiens/Variation/Explore?v=rs34637584
rs34637584 12 AA,Doenças Genéticas - Doença de Parkinson (gene LRRK2) - Variante de risco detectada em homozigose https://grch37.ensembl.org/Homo_sapiens/Variation/Explore?v=rs34637584
rs17879961 22 CT,Doenças Genéticas - Câncer - Variante de risco detectada em heterozigose https://grch37.ensembl.org/Homo_sapiens/Variation/Explore?v=rs17879961
rs17879961 22 CC,Doenças Genéticas - Câncer - Variante de risco detectada em homozigose https://grch37.ensembl.org/Homo_sapiens/Variation/Explore?v=rs17879961
rs730012 5 AA,Fármaco - Ácido acetilsalicílico (Aspirina®) - Sem predisposição para desenvolver urticária https://grch37.ensembl.org/Homo_sapiens/Variation/Explore?v=rs730012
rs730012 5 AC,Fármaco - Ácido acetilsalicílico (Aspirina®) - Predisposição para desenvolver urticária https://grch37.ensembl.org/Homo_sapiens/Variation/Explore?v=rs730012
rs730012 5 CC,Fármaco - Ácido acetilsalicílico (Aspirina®) - Predisposição para desenvolver urticária https://grch37.ensembl.org/Homo_sapiens/Variation/Explore?v=rs730012
rs10306114 9 AA,Fármaco - Ácido acetilsalicílico (Aspirina Prevent®) - Predisposição para responder ao tratamento com AAS https://grch37.ensembl.org/Homo_sapiens/Variation/Explore?v=rs10306114
rs10306114 9 AG,Fármaco - Ácido acetilsalicílico (Aspirina Prevent®) - Predisposição para não responder ao tratamento com AAS https://grch37.ensembl.org/Homo_sapiens/Variation/Explore?v=rs10306114
rs10306114 9 GG,Fármaco - Ácido acetilsalicílico (Aspirina Prevent®) - Predisposição para não responder ao tratamento com AAS https://grch37.ensembl.org/Homo_sapiens/Variation/Explore?v=rs10306114
rs1057910 10 AA,Fármaco - Antiinflamatórios - Risco padrão de sangramento gastrointestinal https://grch37.ensembl.org/Homo_sapiens/Variation/Explore?v=rs1057910
rs1057910 10 AC,Fármaco - Antiinflamatórios - Risco aumentado de sangramento gastrointestinal https://grch37.ensembl.org/Homo_sapiens/Variation/Explore?v=rs1057910
rs1057910 10 CC,Fármaco - Antiinflamatórios - Risco aumentado de sangramento gastrointestinal https://grch37.ensembl.org/Homo_sapiens/Variation/Explore?v=rs1057910
rs2297480 1 GG,Fármaco - Bisfosfonatos - Menor taxa de resposta ao tratamento https://grch37.ensembl.org/Homo_sapiens/Variation/Explore?v=rs2297480
rs2297480 1 GT,Fármaco - Bisfosfonatos - Maior taxa de resposta ao tratamento https://grch37.ensembl.org/Homo_sapiens/Variation/Explore?v=rs2297480
rs2297480 1 TT,Fármaco - Bisfosfonatos - Maior taxa de resposta ao tratamento https://grch37.ensembl.org/Homo_sapiens/Variation/Explore?v=rs2297480
rs4693075 4 CC,Fármaco - Estatinas - Sem predisposição para manifestar distúrbios musculares durante o tratamento com estatinas https://grch37.ensembl.org/Homo_sapiens/Variation/Explore?v=rs4693075
rs4693075 4 CG,Fármaco - Estatinas - Predisposição para manifestar distúrbios musculares durante o tratamento com estatinas https://grch37.ensembl.org/Homo_sapiens/Variation/Explore?v=rs4693075
rs4693075 4 GG,Fármaco - Estatinas - Predisposição para manifestar distúrbios musculares durante o tratamento com estatinas https://grch37.ensembl.org/Homo_sapiens/Variation/Explore?v=rs4693075
rs7412 19 CC,Fármaco - Atorvastatina (Lípitor®) - Resposta reduzida ao tratamento https://grch37.ensembl.org/Homo_sapiens/Variation/Explore?v=rs7412
rs7412 19 CT,Fármaco - Atorvastatina (Lípitor®) - Melhor resposta ao tratamento https://grch37.ensembl.org/Homo_sapiens/Variation/Explore?v=rs7412
rs7412 19 TT,Fármaco - Atorvastatina (Lípitor®) - Melhor resposta ao tratamento https://grch37.ensembl.org/Homo_sapiens/Variation/Explore?v=rs7412
rs4149056 12 CC,Fármaco - Sinvastatina (Zocor®) - Maior risco de miopatia https://grch37.ensembl.org/Homo_sapiens/Variation/Explore?v=rs4149056
rs4149056 12 CC,Fármaco - Sinvastatina (Zocor®) - Maior risco de miopatia https://grch37.ensembl.org/Homo_sapiens/Variation/Explore?v=rs4149056
rs4149056 12 CC,Fármaco - Sinvastatina (Zocor®) - Rsico padrão de miopatia https://grch37.ensembl.org/Homo_sapiens/Variation/Explore?v=rs4149056
rs16960228 17 AA,Fármaco - Hidroclorotiazida (Clorana®) https://grch37.ensembl.org/Homo_sapiens/Variation/Explore?v=rs16960228
rs16960228 17 AG,Fármaco - Hidroclorotiazida (Clorana®) https://grch37.ensembl.org/Homo_sapiens/Variation/Explore?v=rs16960228
rs16960228 17 GG,Fármaco - Hidroclorotiazida (Clorana®) https://grch37.ensembl.org/Homo_sapiens/Variation/Explore?v=rs16960228
rs11212617 11 AA,Fármaco - Metformina (Glifage®) - Menor resposta ao tratamento https://grch37.ensembl.org/Homo_sapiens/Variation/Explore?v=rs11212617
rs11212617 11 AC,Fármaco - Metformina (Glifage®) - Resposta intermediária ao tratamento https://grch37.ensembl.org/Homo_sapiens/Variation/Explore?v=rs11212617
rs11212617 11 CC,Fármaco - Metformina (Glifage®) - Melhor resposta ao tratamento https://grch37.ensembl.org/Homo_sapiens/Variation/Explore?v=rs11212617
rs4680 22 AA,Fármaco - Nicotina - Predisposição para abandonar o hábito de fumar com reposição de nicotina https://grch37.ensembl.org/Homo_sapiens/Variation/Explore?v=rs4680
rs4680 22 AG,Fármaco - Nicotina - Sem predisposição para abandonar o hábito de fumar com reposição de nicotina https://grch37.ensembl.org/Homo_sapiens/Variation/Explore?v=rs4680
rs4680 22 GG,Fármaco - Nicotina - Sem predisposição para abandonar o hábito de fumar com reposição de nicotina https://grch37.ensembl.org/Homo_sapiens/Variation/Explore?v=rs4680
rs4680 22 AA,Fármaco - Opioides - Resposta aumentada https://grch37.ensembl.org/Homo_sapiens/Variation/Explore?v=rs4680
rs4680 22 AG,Fármaco - Opioides - Resposta intermediária https://grch37.ensembl.org/Homo_sapiens/Variation/Explore?v=rs4680
rs4680 22 GG,Fármaco - Opioides - Resposta diminuída https://grch37.ensembl.org/Homo_sapiens/Variation/Explore?v=rs4680
rs1042713 5 AA,Fármaco - Salbutamol (Aerolin®) e Salmeterol (Serevent®) - Resposta reduzida ao tratamento https://grch37.ensembl.org/Homo_sapiens/Variation/Explore?v=rs1042713
rs1042713 5 AG,Fármaco - Salbutamol (Aerolin®) e Salmeterol (Serevent®) - Resposta intermediária ao tratamento https://grch37.ensembl.org/Homo_sapiens/Variation/Explore?v=rs1042713
rs1042713 5 GG,Fármaco - Salbutamol (Aerolin®) e Salmeterol (Serevent®) - Melhor resposta ao tratamento https://grch37.ensembl.org/Homo_sapiens/Variation/Explore?v=rs1042713
rs5443 12 CC,Fármaco - Sildenafil (Viagra®) - Chance padrão de resposta ao tratamento https://grch37.ensembl.org/Homo_sapiens/Variation/Explore?v=rs5443
rs5443 12 CT,Fármaco - Sildenafil (Viagra®) - Chance padrão de resposta ao tratamento https://grch37.ensembl.org/Homo_sapiens/Variation/Explore?v=rs5443
rs5443 12 TT,Fármaco - Sildenafil (Viagra®) - Maior chance de resposta ao tratamento https://grch37.ensembl.org/Homo_sapiens/Variation/Explore?v=rs5443
rs5219 11 CC,Fármaco - Sulfonilureias - Resposta reduzida ao tratamento https://grch37.ensembl.org/Homo_sapiens/Variation/Explore?v=rs5219
rs5219 11 CT,Fármaco - Sulfonilureias - Melhor resposta ao tratamento https://grch37.ensembl.org/Homo_sapiens/Variation/Explore?v=rs5219
rs5219 11 TT,Fármaco - Sulfonilureias - Melhor resposta ao tratamento https://grch37.ensembl.org/Homo_sapiens/Variation/Explore?v=rs5219
rs1256335 1 AA,Nutrição - Vitamina B6 - Sem predisposição para níveis reduzidos de vitamina B6 https://grch37.ensembl.org/Homo_sapiens/Variation/Explore?v=rs1256335
rs1256335 1 AG,Nutrição - Vitamina B6 - Predisposição para níveis reduzidos de vitamina B6 https://grch37.ensembl.org/Homo_sapiens/Variation/Explore?v=rs1256335
rs1256335 1 GG,Nutrição - Vitamina B6 - Predisposição para níveis reduzidos de vitamina B6 https://grch37.ensembl.org/Homo_sapiens/Variation/Explore?v=rs1256335
rs7294 16 CC,Nutrição - Vitamina K - Sem predisposição para níveis reduzidos de vitamina K https://grch37.ensembl.org/Homo_sapiens/Variation/Explore?v=rs7294
rs7294 16 CC,Nutrição - Vitamina K - Predisposição para níveis reduzidos de vitamina K https://grch37.ensembl.org/Homo_sapiens/Variation/Explore?v=rs7294
rs7294 16 CC,Nutrição - Vitamina K - Predisposição para níveis reduzidos de vitamina K https://grch37.ensembl.org/Homo_sapiens/Variation/Explore?v=rs7294
rs4988235 2 GG,Nutrição - Intolerância à lactose - Predisposição para desenvolver intolerância à lactose https://grch37.ensembl.org/Homo_sapiens/Variation/Explore?v=rs4988235
rs4988235 2 AG,Nutrição - Intolerância à lactose - Sem predisposição para desenvolver intolerância à lactose https://grch37.ensembl.org/Homo_sapiens/Variation/Explore?v=rs4988235
rs4988235 2 AA,Nutrição - Intolerância à lactose - Sem predisposição para desenvolver intolerância à lactose https://grch37.ensembl.org/Homo_sapiens/Variation/Explore?v=rs4988235
rs7041 4 CC,Nutrição - Vitamina D - Sem predisposição para níveis reduzidos de vitamina D https://grch37.ensembl.org/Homo_sapiens/Variation/Explore?v=rs7041
rs7041 4 AC,Nutrição - Vitamina D - Predisposição para níveis reduzidos de vitamina D https://grch37.ensembl.org/Homo_sapiens/Variation/Explore?v=rs7041
rs7041 4 AA,Nutrição - Vitamina D - Predisposição para níveis reduzidos de vitamina D https://grch37.ensembl.org/Homo_sapiens/Variation/Explore?v=rs7041
rs4822492 22 CC,Nutrição - Sensibilidade à cafeína - Predisposição para aumento da ansiedade após consumo de cafeína https://grch37.ensembl.org/Homo_sapiens/Variation/Explore?v=rs4822492
rs4822492 22 CG,Nutrição - Sensibilidade à cafeína - Sem predisposição para aumento da ansiedade após consumo de cafeína https://grch37.ensembl.org/Homo_sapiens/Variation/Explore?v=rs4822492
rs4822492 22 GG,Nutrição - Sensibilidade à cafeína - Sem predisposição para aumento da ansiedade após consumo de cafeína https://grch37.ensembl.org/Homo_sapiens/Variation/Explore?v=rs4822492
rs1801282 3 CC,Nutrição - Eficácia da dieta mediterrânea - Sem predisposição para perda de peso com a dieta mediterrânea https://grch37.ensembl.org/Homo_sapiens/Variation/Explore?v=rs1801282
rs1801282 3 CG,Nutrição - Eficácia da dieta mediterrânea - Predisposição para perda de peso com a dieta mediterrânea https://grch37.ensembl.org/Homo_sapiens/Variation/Explore?v=rs1801282
rs1801282 3 GG,Nutrição - Eficácia da dieta mediterrânea - Predisposição para perda de peso com a dieta mediterrânea https://grch37.ensembl.org/Homo_sapiens/Variation/Explore?v=rs1801282
rs9939609 16 AA,Nutrição - Fome emocional - Predisposição para apresentar fome emocional https://grch37.ensembl.org/Homo_sapiens/Variation/Explore?v=
rs9939609 16 AT,Nutrição - Fome emocional - Predisposição para apresentar fome emocional https://grch37.ensembl.org/Homo_sapiens/Variation/Explore?v=
rs9939609 16 TT,Nutrição - Fome emocional - Sem predisposição para apresentar fome emocional https://grch37.ensembl.org/Homo_sapiens/Variation/Explore?v=
rs7903146 10 CC,Nutrição - Eficácia das dietas low fat e high fat - Predisposição para a perda de peso com as dietas low fat e high fat https://grch37.ensembl.org/Homo_sapiens/Variation/Explore?v=rs9939609
rs7903146 10 CT,Nutrição - Eficácia das dietas low fat e high fat - Predisposição para a perda de peso com as dietas low fat e high fat https://grch37.ensembl.org/Homo_sapiens/Variation/Explore?v=rs9939609
rs7903146 10 TT,Nutrição - Eficácia das dietas low fat e high fat - Predisposição para a perda de peso apenas com a dietas low fat https://grch37.ensembl.org/Homo_sapiens/Variation/Explore?v=rs9939609
rs9939609 16 TT,Nutrição - Eficácia da dieta low carb - Sem predisposição para obesidade ao consumir uma dieta low carb https://grch37.ensembl.org/Homo_sapiens/Variation/Explore?v=rs9939609
rs9939609 16 AT,Nutrição - Eficácia da dieta low carb - Predisposição para obesidade ao consumir uma dieta low carb https://grch37.ensembl.org/Homo_sapiens/Variation/Explore?v=rs9939609
rs9939609 16 AA,Nutrição - Eficácia da dieta low carb - Predisposição para obesidade ao consumir uma dieta low carb https://grch37.ensembl.org/Homo_sapiens/Variation/Explore?v=rs9939609
rs1801282 3 GG,Nutrição - Manutenção de resultados após intervenção para perda de peso - Tendência para recuperação de peso pós-intervenção https://grch37.ensembl.org/Homo_sapiens/Variation/Explore?v=rs1801282
rs1801282 3 CG,Nutrição - Manutenção de resultados após intervenção para perda de peso - Tendência para recuperação de peso pós-intervenção https://grch37.ensembl.org/Homo_sapiens/Variation/Explore?v=rs1801282
rs1801282 3 CC,Nutrição - Manutenção de resultados após intervenção para perda de peso - Facilidade para manutenção de peso pós-intervenção https://grch37.ensembl.org/Homo_sapiens/Variation/Explore?v=rs1801282
rs5400 3 GG,Nutrição - Ingestão de açúcares - Sem predisposição para ingestão de açúcares em maiores quantidades https://grch37.ensembl.org/Homo_sapiens/Variation/Explore?v=rs5400
rs5400 3 AG,Nutrição - Ingestão de açúcares - Predisposição para ingestão de açúcares em maiores quantidades https://grch37.ensembl.org/Homo_sapiens/Variation/Explore?v=rs5400
rs5400 3 AA,Nutrição - Ingestão de açúcares - Predisposição para ingestão de açúcares em maiores quantidades https://grch37.ensembl.org/Homo_sapiens/Variation/Explore?v=rs5400
rs1421085 16 TT,Nutrição - Armazenamento de gordura - Sem predisposição para armazenamento de gordura corporal https://grch37.ensembl.org/Homo_sapiens/Variation/Explore?v=rs1421085
rs1421085 16 CT,Nutrição - Armazenamento de gordura - Predisposição para armazenamento de gordura corporal https://grch37.ensembl.org/Homo_sapiens/Variation/Explore?v=rs1421085
rs1421085 16 CC,Nutrição - Armazenamento de gordura - Predisposição para armazenamento de gordura corporal https://grch37.ensembl.org/Homo_sapiens/Variation/Explore?v=rs1421085
rs1801133 1 GG,Nutrição - Folato (Vitamina B9) - Sem predisposição para níveis reduzidos de folato https://grch37.ensembl.org/Homo_sapiens/Variation/Explore?v=rs1801133
rs1801133 1 GA,Nutrição - Folato (Vitamina B9) - Sem predisposição para níveis reduzidos de folato https://grch37.ensembl.org/Homo_sapiens/Variation/Explore?v=rs1801133
rs1801133 1 AA,Nutrição - Folato (Vitamina B9) - Predisposição para níveis reduzidos de folato https://grch37.ensembl.org/Homo_sapiens/Variation/Explore?v=rs1801133
rs1800562 6 GG,Nutrição - Sobrecarga de ferro - Risco baixo https://grch37.ensembl.org/Homo_sapiens/Variation/Explore?v=rs1800562
rs1800562 6 AG,Nutrição - Sobrecarga de ferro - Risco moderado https://grch37.ensembl.org/Homo_sapiens/Variation/Explore?v=rs1800562
rs1800562 6 AA,Nutrição - Sobrecarga de ferro - Risco alto https://grch37.ensembl.org/Homo_sapiens/Variation/Explore?v=rs1800562
rs9939609 16 AA,Nutrição - Sensação de saciedade - Predisposição para menor sensação de saciedade https://grch37.ensembl.org/Homo_sapiens/Variation/Explore?v=rs9939609
rs9939609 16 AT,Nutrição - Sensação de saciedade - Predisposição para menor sensação de saciedade https://grch37.ensembl.org/Homo_sapiens/Variation/Explore?v=rs9939609
rs9939609 16 TT,Nutrição - Sensação de saciedade - Predisposição para maior sensação de saciedade https://grch37.ensembl.org/Homo_sapiens/Variation/Explore?v=rs9939609
rs1572312 1 GG,Corpo - Resistência física - Predisposição para maior captação de oxigênio e maior resistência física https://grch37.ensembl.org/Homo_sapiens/Variation/Explore?v=rs1572312
rs1572312 1 GT,Corpo - Resistência física - Predisposição para maior captação de oxigênio e maior resistência física https://grch37.ensembl.org/Homo_sapiens/Variation/Explore?v=rs1572312
rs1572312 1 TT,Corpo - Resistência física - Sem predisposição para maior captação de oxigênio e maior resistência física https://grch37.ensembl.org/Homo_sapiens/Variation/Explore?v=rs1572312
rs1815739 11 CC,Corpo - Performance atlética - Predisposição para melhor desempenho em atividades de força e explosão https://grch37.ensembl.org/Homo_sapiens/Variation/Explore?v=rs1815739
rs1815739 11 CT,Corpo - Performance atlética - Predisposição para melhor desempenho em atividades de força e explosão https://grch37.ensembl.org/Homo_sapiens/Variation/Explore?v=rs1815739
rs1815739 11 TT,Corpo - Performance atlética - Predisposição para melhor desempenho em atividades de resitência https://grch37.ensembl.org/Homo_sapiens/Variation/Explore?v=rs1815739
rs4880 6 AA,Corpo - Danos musculares induzidos pela prática de atividade física - Predisposição para danos musculares após a prática de atividade física de alta intensidade https://grch37.ensembl.org/Homo_sapiens/Variation/Explore?v=rs4880
rs4880 6 GA,Corpo - Danos musculares induzidos pela prática de atividade física - Sem predisposição para danos musculares após a prática de atividade física de alta intensidade https://grch37.ensembl.org/Homo_sapiens/Variation/Explore?v=rs4880
rs4880 6 GG,Corpo - Danos musculares induzidos pela prática de atividade física - Sem predisposição para danos musculares após a prática de atividade física de alta intensidade https://grch37.ensembl.org/Homo_sapiens/Variation/Explore?v=rs4880
rs2707466 7 TT,Corpo - Densidade óssea (força dos ossos) - Predisposição para maior densidade óssea https://grch37.ensembl.org/Homo_sapiens/Variation/Explore?v= https://grch37.ensembl.org/Homo_sapiens/Variation/Explore?v=rs2707466
rs2707466 7 CT,Corpo - Densidade óssea (força dos ossos) - Predisposição para menor densidade óssea https://grch37.ensembl.org/Homo_sapiens/Variation/Explore?v= https://grch37.ensembl.org/Homo_sapiens/Variation/Explore?v=rs2707466
rs2707466 7 CC,Corpo - Densidade óssea (força dos ossos) - Predisposição para menor densidade óssea https://grch37.ensembl.org/Homo_sapiens/Variation/Explore?v= https://grch37.ensembl.org/Homo_sapiens/Variation/Explore?v=rs2707466
rs1861868 16 GG,Corpo - Risco de obesidade - Risco de obesidade e IMC médios https://grch37.ensembl.org/Homo_sapiens/Variation/Explore?v=rs1861868
rs1861868 16 AG,Corpo - Risco de obesidade - Risco de obesidade 1,25x maior https://grch37.ensembl.org/Homo_sapiens/Variation/Explore?v=rs1861868
rs1861868 16 AA,Corpo - Risco de obesidade - Risco de obesidade 2,5x maior https://grch37.ensembl.org/Homo_sapiens/Variation/Explore?v=rs1861868
rs2267668 6 GG,Corpo - Resposta ao exercício - Redução do colesterol após o exercício https://grch37.ensembl.org/Homo_sapiens/Variation/Explore?v=rs2267668
rs2267668 6 AG,Corpo - Resposta ao exercício - Redução do colesterol após o exercício https://grch37.ensembl.org/Homo_sapiens/Variation/Explore?v=rs2267668
rs2267668 6 AA,Corpo - Resposta ao exercício - Menor redução do colesterol após o exercício https://grch37.ensembl.org/Homo_sapiens/Variation/Explore?v=rs2267668
rs2267668 6 AA,Corpo - Ganho de massa muscular - Predisposição para ganhar massa muscular com mais facilidade https://grch37.ensembl.org/Homo_sapiens/Variation/Explore?v=rs2267668
rs2267668 6 AG,Corpo - Ganho de massa muscular - Predisposição para ganhar massa muscular com menos facilidade https://grch37.ensembl.org/Homo_sapiens/Variation/Explore?v=rs2267668
rs2267668 6 GG,Corpo - Ganho de massa muscular - Predisposição para ganhar massa muscular com menos facilidade https://grch37.ensembl.org/Homo_sapiens/Variation/Explore?v=rs2267668
rs9939609 16 AA,Corpo - Índice de massa corporal (IMC) - Predisposição para IMC elevado https://grch37.ensembl.org/Homo_sapiens/Variation/Explore?v=rs9939609
rs9939609 16 AT,Corpo - Índice de massa corporal (IMC) - Predisposição para IMC elevado https://grch37.ensembl.org/Homo_sapiens/Variation/Explore?v=rs9939609
rs9939609 16 TT,Corpo - Índice de massa corporal (IMC) - Sem predisposição para IMC elevado https://grch37.ensembl.org/Homo_sapiens/Variation/Explore?v=rs9939609
rs1800169 11 AA,Corpo - Força muscular - Predisposição para menor força muscular https://grch37.ensembl.org/Homo_sapiens/Variation/Explore?v=rs1800169
rs1800169 11 AG,Corpo - Força muscular - Predisposição para maior força muscular https://grch37.ensembl.org/Homo_sapiens/Variation/Explore?v=rs1800169
rs1800169 11 GG,Corpo - Força muscular - Predisposição para maior força muscular https://grch37.ensembl.org/Homo_sapiens/Variation/Explore?v=rs1800169
rs679620 11 AA,Corpo - Tendinopatia de Aquiles - Risco reduzido https://grch37.ensembl.org/Homo_sapiens/Variation/Explore?v=rs679620
rs679620 11 AG,Corpo - Tendinopatia de Aquiles - Risco reduzido https://grch37.ensembl.org/Homo_sapiens/Variation/Explore?v=rs679620
rs679620 11 GG,Corpo - Tendinopatia de Aquiles - Risco elevado https://grch37.ensembl.org/Homo_sapiens/Variation/Explore?v=rs679620
rs1042713 5 AA,Corpo - Capacidade cardiorrespiratória - Maior capacidade cardiorrespiratória https://grch37.ensembl.org/Homo_sapiens/Variation/Explore?v=rs1042713
rs1042713 5 AG,Corpo - Capacidade cardiorrespiratória - Capacidade cardiorrespiratória intermediária https://grch37.ensembl.org/Homo_sapiens/Variation/Explore?v=rs1042713
rs1042713 5 GG,Corpo - Capacidade cardiorrespiratória - Menor capacidade cardiorrespiratória https://grch37.ensembl.org/Homo_sapiens/Variation/Explore?v=rs1042713
rs4253778 22 GG,Corpo - Resistência muscular - Predisposição para maior resistência muscular https://grch37.ensembl.org/Homo_sapiens/Variation/Explore?v=rs4253778
rs4253778 22 CG,Corpo - Resistência muscular - Predisposição para maior resistência muscular https://grch37.ensembl.org/Homo_sapiens/Variation/Explore?v=rs4253778
rs4253778 22 CC,Corpo - Resistência muscular - Predisposição para menor resistência muscular https://grch37.ensembl.org/Homo_sapiens/Variation/Explore?v=rs4253778
rs324640 7 GG,Corpo - Recuperação da frequência cardíaca após exercício físico - Predisposição para recuperação mais lenta da frequência cardíaca https://grch37.ensembl.org/Homo_sapiens/Variation/Explore?v=rs324640
rs324640 7 GA,Corpo - Recuperação da frequência cardíaca após exercício físico - Predisposição para recuperação mais lenta da frequência cardíaca https://grch37.ensembl.org/Homo_sapiens/Variation/Explore?v=rs324640
rs324640 7 AA,Corpo - Recuperação da frequência cardíaca após exercício físico - Predisposição para recuperação mais rápida da frequência cardíaca https://grch37.ensembl.org/Homo_sapiens/Variation/Explore?v=rs324640
rs12722 9 CC,Corpo - Dor muscular pós-exercício - Menor dor muscular https://grch37.ensembl.org/Homo_sapiens/Variation/Explore?v=rs12722
rs12722 9 CC,Corpo - Dor muscular pós-exercício - Maior dor muscular https://grch37.ensembl.org/Homo_sapiens/Variation/Explore?v=rs12722
rs12722 9 CC,Corpo - Dor muscular pós-exercício - Maior dor muscular https://grch37.ensembl.org/Homo_sapiens/Variation/Explore?v=rs12722
rs1805008 16 CC,Pele - Sensibilidade ao sol - Menor predisposição para sensibilidade aos raios ultravioleta https://grch37.ensembl.org/Homo_sapiens/Variation/Explore?v=rs1805008
rs1805008 16 CT,Pele - Sensibilidade ao sol - Maior predisposição para sensibilidade aos raios ultravioleta https://grch37.ensembl.org/Homo_sapiens/Variation/Explore?v=rs1805008
rs1805008 16 TT,Pele - Sensibilidade ao sol - Maior predisposição para sensibilidade aos raios ultravioleta https://grch37.ensembl.org/Homo_sapiens/Variation/Explore?v=rs1805008
rs7531806 1 AA,Pele - Acne - Predisposição para desenvolver acne https://grch37.ensembl.org/Homo_sapiens/Variation/Explore?v=rs7531806
rs7531806 1 AG,Pele - Acne - Predisposição para desenvolver acne https://grch37.ensembl.org/Homo_sapiens/Variation/Explore?v=rs7531806
rs7531806 1 GG,Pele - Acne - Sem predisposição para desenvolver acne https://grch37.ensembl.org/Homo_sapiens/Variation/Explore?v=rs7531806
rs11950646 AA,Pele - Deficiência de Vitamina C - Níveis plasmáticos de vitamina C normais https://grch37.ensembl.org/Homo_sapiens/Variation/Explore?v=rs11950646
rs11950646 AG,Pele - Deficiência de Vitamina C - Níveis plasmáticos de vitamina C 10% menores https://grch37.ensembl.org/Homo_sapiens/Variation/Explore?v=rs11950646
rs11950646 GG,Pele - Deficiência de Vitamina C - Níveis plasmáticos de vitamina C 20% menores https://grch37.ensembl.org/Homo_sapiens/Variation/Explore?v=rs11950646
rs964184 11 GG,Pele - Vitamina E - Predisposição para níveis elevados de vitamina E https://grch37.ensembl.org/Homo_sapiens/Variation/Explore?v=rs964184
rs964184 11 CG,Pele - Vitamina E - Predisposição para níveis elevados de vitamina E https://grch37.ensembl.org/Homo_sapiens/Variation/Explore?v=rs964184
rs964184 11 CC,Pele - Vitamina E - Sem predisposição para níveis elevados de vitamina E https://grch37.ensembl.org/Homo_sapiens/Variation/Explore?v=rs964184
rs1800566 16 GG,Pele - Capacidade antioxidante - Maior capacidade antioxidante https://grch37.ensembl.org/Homo_sapiens/Variation/Explore?v=rs1800566
rs1800566 16 GA,Pele - Capacidade antioxidante - Menor capacidade antioxidante https://grch37.ensembl.org/Homo_sapiens/Variation/Explore?v=rs1800566
rs1800566 16 AA,Pele - Capacidade antioxidante - Menor capacidade antioxidante https://grch37.ensembl.org/Homo_sapiens/Variation/Explore?v=rs1800566
rs2228479 16 GG,Pele - Risco para hiperpigmentação da pele - Sem predisposição para desenvolver hiperpigmentação da pele https://grch37.ensembl.org/Homo_sapiens/Variation/Explore?v=rs2228479
rs2228479 16 GG,Pele - Risco para hiperpigmentação da pele - Predisposição para desenvolver hiperpigmentação da pele https://grch37.ensembl.org/Homo_sapiens/Variation/Explore?v=rs2228479
rs2228479 16 GG,Pele - Risco para hiperpigmentação da pele - Predisposição para desenvolver hiperpigmentação da pele https://grch37.ensembl.org/Homo_sapiens/Variation/Explore?v=rs2228479
rs702491 1 TT,Pele - Rugas faciais - Predisposição para o desenvolvimento de rugas faciais https://grch37.ensembl.org/Homo_sapiens/Variation/Explore?v=rs702491
rs702491 1 TC,Pele - Rugas faciais - Predisposição para o desenvolvimento de rugas faciais https://grch37.ensembl.org/Homo_sapiens/Variation/Explore?v=rs702491
rs702491 1 CC,Pele - Rugas faciais - Sem predisposição para o desenvolvimento de rugas faciais https://grch37.ensembl.org/Homo_sapiens/Variation/Explore?v=rs702491
rs16927253 10 CC,Pele - Flacidez palpebral - Risco aumentado para flacidez palpebral https://grch37.ensembl.org/Homo_sapiens/Variation/Explore?v=rs16927253
rs16927253 10 TC,Pele - Flacidez palpebral - Risco diminuído para flacidez palpebral https://grch37.ensembl.org/Homo_sapiens/Variation/Explore?v=rs16927253
rs16927253 10 TT,Pele - Flacidez palpebral - Risco diminuído para flacidez palpebral https://grch37.ensembl.org/Homo_sapiens/Variation/Explore?v=rs16927253
rs322458 3 TT,Idade - Fotoenvelhecimento - Menor predisposição para fotoenvelhecimento https://grch37.ensembl.org/Homo_sapiens/Variation/Explore?v=rs322458
rs322458 3 TC,Idade - Fotoenvelhecimento - Maior predisposição para fotoenvelhecimento https://grch37.ensembl.org/Homo_sapiens/Variation/Explore?v=rs322458
rs322458 3 CC,Idade - Fotoenvelhecimento - Maior predisposição para fotoenvelhecimento https://grch37.ensembl.org/Homo_sapiens/Variation/Explore?v=rs322458
rs9287638 2 CC,Idade - Calvície - Sem predisposição para desenvolver calvície https://grch37.ensembl.org/Homo_sapiens/Variation/Explore?v=rs9287638
rs9287638 2 AC,Idade - Calvície - Predisposição para desenvolver calvície https://grch37.ensembl.org/Homo_sapiens/Variation/Explore?v=rs9287638
rs9287638 2 AA,Idade - Calvície - Predisposição para desenvolver calvície https://grch37.ensembl.org/Homo_sapiens/Variation/Explore?v=rs9287638
rs757110 11 AA,Idade - Diabetes tipo 2 - Sem predisposição para desenvolver diabetes tipo 2 https://grch37.ensembl.org/Homo_sapiens/Variation/Explore?v=rs757110
rs757110 11 CA,Idade - Diabetes tipo 2 - Predisposição para desenvolver diabetes tipo 2 https://grch37.ensembl.org/Homo_sapiens/Variation/Explore?v=rs757110
rs757110 11 CC,Idade - Diabetes tipo 2 - Predisposição para desenvolver diabetes tipo 2 https://grch37.ensembl.org/Homo_sapiens/Variation/Explore?v=rs757110
rs2075650 19 AA,Idade - Longevidade - Expectativa de vida mais longa https://grch37.ensembl.org/Homo_sapiens/Variation/Explore?v=rs2075650
rs2075650 19 AG,Idade - Longevidade - Expectativa de vida média https://grch37.ensembl.org/Homo_sapiens/Variation/Explore?v=rs2075650
rs2075650 19 GG,Idade - Longevidade - Expectativa de vida média https://grch37.ensembl.org/Homo_sapiens/Variation/Explore?v=rs2075650
rs755017 20 GG,Idade - Comprimento dos telômeros - Predisposição para envelhecimento tardio – idade equivalente à de uma pessoa 4,94 anos mais nova https://grch37.ensembl.org/Homo_sapiens/Variation/Explore?v=rs755017
rs755017 20 AG,Idade - Comprimento dos telômeros - Predisposição para envelhecimento tardio – idade equivalente à de uma pessoa 2,47 anos mais nova https://grch37.ensembl.org/Homo_sapiens/Variation/Explore?v=rs755017
rs755017 20 AA,Idade - Comprimento dos telômeros - Sem predisposição para envelhecimento tardio https://grch37.ensembl.org/Homo_sapiens/Variation/Explore?v=rs755017
rs9652490 15 AA,Idade - Tremor essencial não relacionado a Parkinson - Sem predisposição para desenvolver tremor essencial não relacionado a Parkinson https://grch37.ensembl.org/Homo_sapiens/Variation/Explore?v=rs9652490
rs9652490 15 AG,Idade - Tremor essencial não relacionado a Parkinson - Predisposição para desenvolver tremor essencial não relacionado a Parkinson https://grch37.ensembl.org/Homo_sapiens/Variation/Explore?v=rs9652490
rs9652490 15 GG,Idade - Tremor essencial não relacionado a Parkinson - Predisposição para desenvolver tremor essencial não relacionado a Parkinson https://grch37.ensembl.org/Homo_sapiens/Variation/Explore?v=rs9652490
rs10490924 10 TT,Idade - Degeneração macular relacionada à idade - Predisposição para desenvolver degeneração macular relacionada à idade https://grch37.ensembl.org/Homo_sapiens/Variation/Explore?v=rs10490924
rs10490924 10 TG,Idade - Degeneração macular relacionada à idade - Predisposição para desenvolver degeneração macular relacionada à idade https://grch37.ensembl.org/Homo_sapiens/Variation/Explore?v=rs10490924
rs10490924 10 GG,Idade - Degeneração macular relacionada à idade - Sem predisposição para desenvolver degeneração macular relacionada à idade https://grch37.ensembl.org/Homo_sapiens/Variation/Explore?v=rs10490924
rs1544410 12 GG,Idade - Osteoporose (receptor de vitamina D) - Risco padrão para desenvolvimento de osteoporose https://grch37.ensembl.org/Homo_sapiens/Variation/Explore?v=rs1544410
rs1544410 12 AG,Idade - Osteoporose (receptor de vitamina D) - Risco aumentado para desenvolvimento de osteoporose https://grch37.ensembl.org/Homo_sapiens/Variation/Explore?v=rs1544410
rs1544410 12 AA,Idade - Osteoporose (receptor de vitamina D) - Risco aumentado para desenvolvimento de osteoporose https://grch37.ensembl.org/Homo_sapiens/Variation/Explore?v=rs1544410
rs4680 22 AA,Curiosidade - Gene guerreiro - Worrier – “Preocupado” https://grch37.ensembl.org/Homo_sapiens/Variation/Explore?v=rs4680
rs4680 22 AG,Curiosidade - Gene guerreiro - Intermediário entre Worrier e Warrior – “Preocupado” https://grch37.ensembl.org/Homo_sapiens/Variation/Explore?v=rs4680
rs4680 22 GG,Curiosidade - Gene guerreiro - Warrior – “Guerreiro” https://grch37.ensembl.org/Homo_sapiens/Variation/Explore?v=rs4680
rs1881396 2 TT,Curiosidade - Habilidade matemática - Sem predisposição para desempenho matemático abaixo da média https://grch37.ensembl.org/Homo_sapiens/Variation/Explore?v=rs1881396
rs1881396 2 GT,Curiosidade - Habilidade matemática - Predisposição para desempenho matemático abaixo da média https://grch37.ensembl.org/Homo_sapiens/Variation/Explore?v=rs1881396
rs1881396 2 GG,Curiosidade - Habilidade matemática - Predisposição para desempenho matemático abaixo da média https://grch37.ensembl.org/Homo_sapiens/Variation/Explore?v=rs1881396
rs634990 15 CC,Curiosidade - Visão - Risco 88% maior de desenvolvimento de miopia https://grch37.ensembl.org/Homo_sapiens/Variation/Explore?v=rs634990
rs634990 15 CT,Curiosidade - Visão - Risco 33% maior de desenvolvimento de miopia https://grch37.ensembl.org/Homo_sapiens/Variation/Explore?v=rs634990
rs634990 15 TT,Curiosidade - Visão - Risco padrão de desenvolvimento de miopia https://grch37.ensembl.org/Homo_sapiens/Variation/Explore?v=rs634990
rs1611115 9 CC,Curiosidade - Impulsividade - Sem predisposição para nível de impulsividade elevado https://grch37.ensembl.org/Homo_sapiens/Variation/Explore?v=rs1611115
rs1611115 9 CT,Curiosidade - Impulsividade - Sem predisposição para nível de impulsividade elevado https://grch37.ensembl.org/Homo_sapiens/Variation/Explore?v=rs1611115
rs1611115 9 TT,Curiosidade - Impulsividade - Predisposição para nível de impulsividade elevado https://grch37.ensembl.org/Homo_sapiens/Variation/Explore?v=rs1611115
rs1801260 4 AA,Curiosidade - Preferência por horários - Predisposição para preferência por horários diurnos https://grch37.ensembl.org/Homo_sapiens/Variation/Explore?v=rs1801260
rs1801260 4 AG,Curiosidade - Preferência por horários - Predisposição para preferência por horários noturnos https://grch37.ensembl.org/Homo_sapiens/Variation/Explore?v=rs1801260
rs1801260 4 GG,Curiosidade - Preferência por horários - Predisposição para preferência por horários noturnos https://grch37.ensembl.org/Homo_sapiens/Variation/Explore?v=rs1801260
rs324420 1 AA,Curiosidade - Predisposição ao alcoolismo - Predisposição ao alcoolismo https://grch37.ensembl.org/Homo_sapiens/Variation/Explore?v=rs324420
rs324420 1 AC,Curiosidade - Predisposição ao alcoolismo - Predisposição ao alcoolismo https://grch37.ensembl.org/Homo_sapiens/Variation/Explore?v=rs324420
rs324420 1 CC,Curiosidade - Predisposição ao alcoolismo - Sem predisposição ao alcoolismo https://grch37.ensembl.org/Homo_sapiens/Variation/Explore?v=rs324420
rs16969968 15 GG,Curiosidade - Propensão à dependência de nicotina - Propensão padrão https://grch37.ensembl.org/Homo_sapiens/Variation/Explore?v=rs16969968
rs16969968 15 AG,Curiosidade - Propensão 10% maior à dependência de nicotina - Propensão padrão https://grch37.ensembl.org/Homo_sapiens/Variation/Explore?v=rs16969968
rs16969968 15 AA,Curiosidade - Propensão 90% maior à dependência de nicotina - Propensão padrão https://grch37.ensembl.org/Homo_sapiens/Variation/Explore?v=rs16969968
rs1726866 7 GG,Curiosidade - Percepção do gosto amargo - Predisposição para sentir a maioria dos tipos de gosto amargo https://grch37.ensembl.org/Homo_sapiens/Variation/Explore?v=rs1726866
rs1726866 7 AG,Curiosidade - Percepção do gosto amargo - Predisposição para sentir a maioria dos tipos de gosto amargo https://grch37.ensembl.org/Homo_sapiens/Variation/Explore?v=rs1726866
rs1726866 7 AA,Curiosidade - Percepção do gosto amargo - Predisposição para não sentir alguns tipos de gosto amargo https://grch37.ensembl.org/Homo_sapiens/Variation/Explore?v=rs1726866
rs17822931 16 TT,Curiosidade - Cera de ouvido - Predisposição para cera de ouvido seca https://grch37.ensembl.org/Homo_sapiens/Variation/Explore?v=rs17822931
rs17822931 16 CT,Curiosidade - Cera de ouvido - Predisposição para cera de ouvido molhada https://grch37.ensembl.org/Homo_sapiens/Variation/Explore?v=rs17822931
rs17822931 16 CC,Curiosidade - Cera de ouvido - Predisposição para cera de ouvido molhada https://grch37.ensembl.org/Homo_sapiens/Variation/Explore?v=rs17822931